x,y,z,vx,vy,vz
1.4591646194458008,0.7963430881500244,-0.4633966088294983,7.523378372192383,-273.1202392578125,39.55879592895508
0.5618510842323303,-1.8301143646240234,0.3046585023403168,-160.90443420410156,-197.26217651367188,74.6200942993164
-1.0933173894882202,-3.047379970550537,0.6337756514549255,-152.6670379638672,-53.919708251953125,-8.063237190246582
-2.3613336086273193,-3.0402143001556396,0.2407102733850479,-94.25988006591797,51.96892166137695,-62.71369934082031
-2.890310287475586,-2.0661399364471436,-0.4012508690357208,-5.994984149932861,137.8106231689453,-50.773765563964844
-2.3856797218322754,-0.3735935091972351,-0.5594117641448975,112.53836059570312,189.89955139160156,25.218454360961914
-0.42829200625419617,1.3511371612548828,0.0980534702539444,268.5877685546875,107.45307159423828,86.04203033447266
2.0683350563049316,1.5147216320037842,0.574735164642334,199.23509216308594,-48.97948455810547,2.658017158508301
3.459928274154663,0.7154631614685059,0.25528624653816223,76.26465606689453,-100.29523468017578,-57.5262451171875
3.596065044403076,-0.3591858148574829,-0.35015326738357544,-49.030120849609375,-106.56082916259766,-49.83697509765625
2.4661335945129395,-1.291555404663086,-0.5652498602867126,-176.00442504882812,-69.83445739746094,13.713526725769043
0.11034484207630157,-1.4737483263015747,-0.020250819623470306,-277.4791564941406,59.88960266113281,84.0887451171875
-2.1794075965881348,-0.002322858665138483,0.49429038166999817,-148.23699951171875,186.52293395996094,3.387498378753662
-2.929595708847046,1.591026782989502,0.20941132307052612,-22.659404754638672,152.37225341796875,-56.71929168701172
-2.630002498626709,2.755067825317383,-0.3739981949329376,76.8205795288086,75.07351684570312,-45.316200256347656
-1.4841604232788086,3.032886266708374,-0.5421478152275085,145.786376953125,-24.355884552001953,14.638998031616211
0.18085359036922455,2.1222786903381348,-0.07932993024587631,173.18418884277344,-166.9165802001953,70.39055633544922
1.4129116535186768,-0.33299702405929565,0.41102829575538635,35.6605110168457,-280.4895324707031,1.9996826648712158
1.0687007904052734,-2.6441922187805176,0.026370849460363388,-80.79251098632812,-166.3950653076172,-60.438323974609375
0.06372003257274628,-3.658475399017334,-0.4693342447280884,-109.92194366455078,-37.28511428833008,-28.932052612304688
-1.0134975910186768,-3.4257242679595947,-0.48744022846221924,-97.92899322509766,83.71421813964844,26.228437423706055
-1.7492402791976929,-1.964143991470337,0.0069834766909480095,-36.52033996582031,206.564453125,62.7050895690918
-1.3942463397979736,0.5751540064811707,0.3809739649295807,127.15103149414062,264.92596435546875,-8.926000595092773
0.39489227533340454,2.4553771018981934,-0.1222723126411438,188.44223022460938,101.1483154296875,-66.18790435791016
2.022012948989868,2.811372995376587,-0.5633440017700195,128.2982635498047,-21.229143142700195,-14.906898498535156
2.890343189239502,2.1566572189331055,-0.41743525862693787,39.973609924316406,-104.53744506835938,41.751129150390625
2.7900872230529785,0.9377211928367615,0.08993347734212875,-66.91919708251953,-157.34767150878906,58.3629035949707
1.372351884841919,-0.7254390716552734,0.40280744433403015,-220.49545288085938,-154.29708862304688,-10.548714637756348
-1.314628005027771,-1.4649324417114258,-0.17138026654720306,-256.9149169921875,21.31897735595703,-77.92616271972656
-3.264518976211548,-0.7607525587081909,-0.6405255198478699,-128.90042114257812,99.67170715332031,-9.781423568725586
-3.931959629058838,0.32744449377059937,-0.40557125210762024,-4.39615535736084,109.34255981445312,51.430145263671875
-3.3445820808410645,1.3125613927841187,0.20855264365673065,120.28250122070312,79.71361541748047,56.593814849853516
-1.5424731969833374,1.7561718225479126,0.4659062325954437,233.8363800048828,-3.8358945846557617,-15.264976501464844
0.9627546668052673,0.8560299277305603,-0.1553686410188675,212.1638946533203,-179.29617309570312,-87.60468292236328
2.2189505100250244,-1.1025748252868652,-0.6741078495979309,48.18476486206055,-181.46832275390625,-8.540700912475586
2.1396186351776123,-2.5747907161712646,-0.3962353765964508,-57.467079162597656,-105.03416442871094,57.02937698364258
1.169726848602295,-3.1187758445739746,0.24039718508720398,-129.46836853027344,0.7797475457191467,54.57320785522461
-0.3433341085910797,-2.485689640045166,0.47186461091041565,-161.76072692871094,130.08323669433594,-15.89853572845459
-1.6999183893203735,-0.3887436091899872,-0.12727627158164978,-68.38103485107422,276.7521667480469,-89.05561828613281
-1.5387334823608398,1.962282657623291,-0.6641294956207275,77.3602523803711,207.71209716796875,-15.77384090423584
-0.5170270204544067,3.372286081314087,-0.41951784491539,113.12133026123047,72.76676177978516,55.54233932495117
0.570465624332428,3.4460465908050537,0.20120255649089813,96.38313293457031,-56.25930404663086,52.691062927246094
1.296308159828186,2.278975009918213,0.4363721013069153,39.68650436401367,-173.35169982910156,-12.010762214660645
1.1087651252746582,0.03931446745991707,-0.08552520722150803,-100.11405181884766,-255.65988159179688,-84.18634033203125
-0.7127629518508911,-1.9873700141906738,-0.6517248153686523,-214.28335571289062,-117.6290054321289,-8.247827529907227
-2.6063640117645264,-2.454637050628662,-0.3380911350250244,-151.2425537109375,14.1066312789917,58.89809036254883
-3.6490139961242676,-1.8618916273117065,0.23278479278087616,-53.136531829833984,96.68816375732422,40.82083511352539
-3.6148719787597656,-0.6251344680786133,0.34005799889564514,63.85273742675781,142.69595336914062,-22.432424545288086
-2.2411069869995117,0.8284718990325928,-0.202863410115242,215.63612365722656,128.8788299560547,-75.03298950195312
0.45205041766166687,1.3289768695831299,-0.6399444341659546,261.96112060546875,-43.55760955810547,8.755755424499512
2.3957390785217285,0.4252644181251526,-0.20297710597515106,121.34105682373047,-115.03433227539062,59.491943359375
2.949492931365967,-0.7510435581207275,0.25055986642837524,-8.127894401550293,-111.06723022460938,21.883262634277344
2.3891286849975586,-1.6207960844039917,0.20828774571418762,-112.98429107666016,-73.32901763916016,-31.281089782714844
0.698184072971344,-1.962079644203186,-0.3276978135108948,-220.39862060546875,17.62973403930664,-63.241851806640625
-1.7472424507141113,-0.9363004565238953,-0.6621319651603699,-221.54920959472656,193.3856201171875,17.13056755065918
-3.077064275741577,1.204373836517334,-0.13420648872852325,-50.585662841796875,196.48422241210938,61.318355560302734
-3.019759178161621,2.7699272632598877,0.23351839184761047,52.37527847290039,110.66291046142578,7.344969749450684
-2.157482385635376,3.376042366027832,0.016104871407151222,113.40184783935547,6.207904815673828,-47.633907318115234
-0.8386853933334351,2.8095037937164307,-0.5629528164863586,141.27923583984375,-124.32789611816406,-53.190635681152344
0.40539711713790894,0.7953424453735352,-0.7418050169944763,77.05943298339844,-273.0916748046875,29.497695922851562
0.20515118539333344,-1.9003195762634277,-0.11186084151268005,-95.00474548339844,-215.83848571777344,63.400177001953125
-0.976592481136322,-3.3583011627197266,0.18646685779094696,-126.25790405273438,-78.1816177368164,-5.07786226272583
-2.170727491378784,-3.5324883460998535,-0.1589762270450592,-104.48948669433594,41.90138626098633,-57.36195373535156
-2.9527952671051025,-2.5387916564941406,-0.7502737641334534,-44.09430694580078,153.90785217285156,-46.281856536865234
-2.8759348392486572,-0.5109785795211792,-0.8658165335655212,73.04915618896484,239.9571533203125,31.196441650390625
-1.4556164741516113,1.523925542831421,-0.26761770248413086,219.10398864746094,161.37033081054688,75.86894989013672
0.6631953716278076,2.288414716720581,0.10279322415590286,180.52223205566406,6.188701629638672,-4.576563358306885
2.0153937339782715,1.8796703815460205,-0.2615588307380676,84.17344665527344,-79.54496765136719,-59.73752212524414
2.2935104370117188,0.8092906475067139,-0.8588034510612488,-31.477249145507812,-127.13713836669922,-46.12757873535156
1.3265764713287354,-0.5439022183418274,-1.0132644176483154,-164.20919799804688,-132.0526885986328,21.114484786987305
-1.0397416353225708,-1.4564214944839478,-0.4293103516101837,-289.11346435546875,-14.653958320617676,77.02877807617188
-3.5574259757995605,-0.7481046319007874,-0.035441625863313675,-184.69529724121094,121.78958892822266,-5.95031213760376
-4.708523750305176,0.5621887445449829,-0.42209291458129883,-46.69371032714844,127.52175903320312,-59.90629959106445
-4.568305015563965,1.6767185926437378,-0.9782795906066895,71.26961517333984,87.75366973876953,-39.36066436767578
-3.3331406116485596,2.2119815349578857,-1.0824576616287231,171.18890380859375,11.331531524658203,22.361650466918945
-1.234890341758728,1.671452522277832,-0.5493518114089966,229.18287658691406,-136.0529022216797,70.49134063720703
0.4923086166381836,-0.448758602142334,-0.21139562129974365,86.66024780273438,-237.30369567871094,-15.406216621398926
0.6750996708869934,-2.475214719772339,-0.6683246493339539,-37.31635284423828,-154.9198760986328,-59.443946838378906
0.022457173094153404,-3.4519243240356445,-1.1057438850402832,-99.19180297851562,-57.31422424316406,-29.24182891845703
-1.1627545356750488,-3.4535012245178223,-1.1227328777313232,-130.2532958984375,59.57597732543945,26.318870544433594
-2.4483110904693604,-2.1692187786102295,-0.6305731534957886,-112.9093017578125,200.20912170410156,60.13467025756836
-2.956437110900879,0.4695315361022949,-0.33900144696235657,38.94341278076172,286.4157409667969,-19.63972282409668
-1.954342007637024,2.68561053276062,-0.8591212034225464,129.12550354003906,143.79188537597656,-61.11087417602539
-0.6726406216621399,3.433391809463501,-1.2513842582702637,116.75637817382812,10.144887924194336,-11.810768127441406
0.27637171745300293,2.9663448333740234,-1.086817741394043,65.97817993164062,-100.79550170898438,41.649688720703125
0.5082228183746338,1.4468804597854614,-0.5753886103630066,-29.47464942932129,-197.09359741210938,45.518798828125
-0.5598938465118408,-0.7861168384552002,-0.467018723487854,-194.49993896484375,-215.2711639404297,-35.19340896606445
-2.9146275520324707,-2.0628490447998047,-1.0934746265411377,-225.9707794189453,-37.29808807373047,-59.845703125
-4.723575592041016,-1.862863540649414,-1.369815468788147,-128.51010131835938,64.36687469482422,5.926578998565674
-5.44944429397583,-0.9310458898544312,-1.0426764488220215,-12.868744850158691,114.43125915527344,52.5050163269043
-4.920553207397461,0.3077418804168701,-0.539117157459259,120.58650207519531,123.72882843017578,33.55194854736328
-3.223627805709839,1.255096435546875,-0.5423930883407593,248.69418334960938,65.59051513671875,-40.3692512512207
-0.5618436336517334,0.9747039079666138,-1.2286691665649414,223.1915740966797,-114.86363220214844,-64.78302764892578
0.9190474152565002,-0.41499966382980347,-1.4774792194366455,75.41297912597656,-142.26846313476562,14.179957389831543
1.0406558513641357,-1.6798672676086426,-1.0725657939910889,-47.875770568847656,-101.51396942138672,56.67516326904297
0.013981345109641552,-2.3398847579956055,-0.597246527671814,-152.02072143554688,-23.472637176513672,25.969676971435547
-1.9187047481536865,-1.999966025352478,-0.6981141567230225,-222.2045440673828,102.40939331054688,-49.200321197509766
-3.866051197052002,-0.07566571235656738,-1.3744131326675415,-115.86773681640625,250.4261016845703,-53.222145080566406
-4.221916675567627,2.153268337249756,-1.4815235137939453,26.03437614440918,175.78123474121094,26.394195556640625
-3.594853162765503,3.353881359100342,-1.03238046169281,90.13937377929688,59.87606430053711,50.2742919921875
-2.5417582988739014,3.334921360015869,-0.6935247182846069,112.45816802978516,-64.73846435546875,9.529759407043457
-1.4862395524978638,2.012986898422241,-0.9199589490890503,85.45378112792969,-200.61354064941406,-54.19493865966797
-1.295337438583374,-0.6012552976608276,-1.520419955253601,-76.82597351074219,-280.4829406738281,-36.7685661315918
-2.6428000926971436,-2.697067975997925,-1.4461908340454102,-156.10191345214844,-129.01478576660156,39.99736022949219
-3.985480546951294,-3.297999620437622,-1.0297510623931885,-131.05401611328125,-6.871089458465576,39.830204010009766
-5.012339115142822,-2.8080315589904785,-0.8512253761291504,-67.49153900146484,100.07345581054688,-7.622665882110596
-5.219195365905762,-1.3502570390701294,-1.1812543869018555,35.03518295288086,185.57545471191406,-53.41259765625
-4.070479869842529,0.6992297768592834,-1.6647168397903442,204.76182556152344,193.6509552001953,-22.158023834228516
-1.6484220027923584,1.762732744216919,-1.4364497661590576,225.1781768798828,17.040485382080078,51.62079620361328
0.06185667961835861,1.4001185894012451,-1.0185288190841675,112.59124755859375,-75.50962829589844,21.059785842895508
0.6022128462791443,0.4295308291912079,-1.0756797790527344,-6.19805908203125,-110.8848876953125,-31.03352928161621
-0.09977013617753983,-0.7063122391700745,-1.5520180463790894,-136.08737182617188,-107.37747955322266,-54.43164825439453
-2.1651179790496826,-1.4965898990631104,-1.8926783800125122,-270.0509948730469,-28.252483367919922,0.5975679755210876
-4.88884162902832,-0.8334921002388,-1.4778759479522705,-217.3941192626953,144.22695922851562,60.14934158325195
-6.269979000091553,0.7466166019439697,-1.1173014640808105,-63.76943588256836,150.77345275878906,5.009381294250488
-6.3108391761779785,2.0134952068328857,-1.357207179069519,51.19057846069336,94.97066497802734,-47.8591423034668
-5.310646057128906,2.54750657081604,-1.9032533168792725,143.76309204101562,5.282718181610107,-48.39275360107422
-3.720458984375,2.08247709274292,-2.1162004470825195,194.5809326171875,-115.30199432373047,8.946704864501953
-2.043186902999878,0.07400239259004593,-1.6498147249221802,92.2741928100586,-261.87548828125,65.43399047851562
-1.9745982885360718,-2.278489589691162,-1.299515962600708,-54.84014892578125,-184.73876953125,-2.8965158462524414
-2.8362298011779785,-3.5343985557556152,-1.6332900524139404,-107.71854400634766,-63.770389556884766,-55.43904113769531
-4.00214958190918,-3.5494630336761475,-2.186701774597168,-117.28016662597656,61.63079833984375,-42.99006652832031
-5.0460710525512695,-2.279395341873169,-2.3271634578704834,-79.34571075439453,191.25631713867188,20.120393753051758
-5.222522258758545,0.21144942939281464,-1.8173539638519287,72.42465209960938,277.04913330078125,62.19362258911133
-3.8087291717529297,2.3364083766937256,-1.5768095254898071,166.76930236816406,130.52964782714844,-17.507722854614258
-2.2879626750946045,2.9461209774017334,-2.017972707748413,125.83008575439453,-2.931231737136841,-57.339874267578125
-1.3842177391052246,2.3940775394439697,-2.492997407913208,49.16318130493164,-101.5909652709961,-28.0079288482666
-1.3999768495559692,0.9942141175270081,-2.4868385791778564,-58.7454719543457,-171.22776794433594,30.3907470703125
-2.7626640796661377,-0.8488700985908508,-1.9821381568908691,-221.8105010986328,-171.052001953125,51.93370056152344
-5.4211015701293945,-1.7464231252670288,-1.8865987062454224,-253.6615753173828,-1.785833716392517,-35.92949676513672
-7.257534503936768,-1.3156975507736206,-2.3689332008361816,-144.1827392578125,82.45038604736328,-55.75912857055664
-8.084325790405273,-0.3053140342235565,-2.7380530834198,-20.60391616821289,110.94696807861328,-12.986711502075195
-7.673057556152344,0.7871490120887756,-2.60398530960083,103.36294555664062,99.29116821289062,37.629241943359375
-5.983386993408203,1.4896818399429321,-2.1419363021850586,230.97181701660156,24.89280891418457,38.06883239746094
-3.404581308364868,0.8824304938316345,-2.1756420135498047,229.91683959960938,-149.8160400390625,-49.901641845703125
-1.9471110105514526,-0.8646615743637085,-2.783846378326416,65.93927764892578,-170.5604248046875,-49.24457550048828
-1.8922715187072754,-2.321810007095337,-2.994856357574463,-48.54061508178711,-112.91825103759766,7.86348819732666
-2.8306772708892822,-3.0371222496032715,-2.6797451972961426,-133.973876953125,-23.640655517578125,48.26411056518555
-4.498198986053467,-2.680509090423584,-2.2553181648254395,-189.38482666015625,100.78510284423828,22.4041748046875
-6.310863018035889,-0.8696450591087341,-2.4366228580474854,-135.1013641357422,257.181396484375,-62.057403564453125
-6.718596458435059,1.7196669578552246,-3.1271512508392334,35.98380661010742,217.41885375976562,-47.58308029174805
-5.995983600616455,3.2937748432159424,-3.2481281757354736,95.49117279052734,94.9917984008789,20.364118576049805
-4.960601806640625,3.6337332725524902,-2.834070920944214,103.29944610595703,-28.360342025756836,52.03654479980469
-4.10675048828125,2.8551931381225586,-2.455538749694824,77.10765838623047,-141.3399658203125,21.589277267456055
-3.719627857208252,0.8428858518600464,-2.600263833999634,-16.495704650878906,-252.6880645751953,-54.258216857910156
-4.811213970184326,-1.6989680528640747,-3.3258261680603027,-187.1436767578125,-202.65992736816406,-59.89164352416992
-6.770030498504639,-2.936253309249878,-3.507105827331543,-181.5968017578125,-50.71876525878906,20.409385681152344
-8.271864891052246,-2.8769071102142334,-3.086378812789917,-110.8465576171875,56.797271728515625,51.655574798583984
-8.922348976135254,-1.8994442224502563,-2.7070987224578857,-14.774017333984375,132.63209533691406,15.491560935974121
-8.47313404083252,-0.315775603055954,-2.872840166091919,110.98902130126953,173.81182861328125,-50.47348403930664
-6.544466018676758,1.231390118598938,-3.5706653594970703,263.8171081542969,96.59696960449219,-63.19845962524414
-4.032494068145752,1.298034906387329,-3.733891248703003,201.80982971191406,-60.24360656738281,26.70102310180664
-2.648489236831665,0.3971777856349945,-3.289246082305908,73.21780395507812,-108.07654571533203,46.426151275634766
-2.530245780944824,-0.7140067219734192,-3.0132927894592285,-48.22376251220703,-106.68826293945312,3.272804021835327
-3.608289957046509,-1.6273316144943237,-3.2616019248962402,-166.65696716308594,-67.05623626708984,-51.667449951171875
-5.865727424621582,-1.828857660293579,-3.898125648498535,-273.92437744140625,45.89876174926758,-55.428279876708984
-8.23872184753418,-0.6670098304748535,-4.0294508934021,-202.78489685058594,188.21897888183594,30.123497009277344
-9.454452514648438,1.2344295978546143,-3.550001621246338,-49.03838348388672,171.342041015625,44.71913528442383
-9.408135414123535,2.606391191482544,-3.3448784351348877,51.88426971435547,97.24919891357422,-6.743147373199463
-8.508134841918945,3.120033025741577,-3.6787710189819336,122.61473083496094,0.4677833020687103,-56.03211975097656
-7.044398307800293,2.4999403953552246,-4.299441337585449,159.64205932617188,-129.8969268798828,-51.929229736328125
-5.643067359924316,0.4147231876850128,-4.419408798217773,83.13882446289062,-274.8277893066406,36.34806823730469
-5.720932960510254,-2.198784351348877,-3.8542990684509277,-75.7010269165039,-209.97854614257812,47.46138000488281
-6.7627644538879395,-3.673396348953247,-3.7054154872894287,-120.18954467773438,-83.70510864257812,-17.569232940673828
-7.990214824676514,-3.903047800064087,-4.139892101287842,-117.291259765625,37.73844909667969,-62.5680046081543
-8.99258804321289,-2.9118032455444336,-4.75646448135376,-74.49543762207031,158.52566528320312,-47.25686264038086
-9.280092239379883,-0.7663012146949768,-4.884397029876709,34.26526641845703,260.01007080078125,29.48955535888672
-8.019283294677734,1.6562714576721191,-4.303271293640137,190.83169555664062,172.14266967773438,54.33409881591797
-6.169191360473633,2.603008270263672,-4.146718978881836,159.89991760253906,27.029891967773438,-22.44131088256836
-5.0238938331604,2.427297353744507,-4.580445766448975,86.82735443115234,-60.745452880859375,-65.04367065429688
-4.657270908355713,1.447630763053894,-5.216156005859375,-17.252376556396484,-128.95884704589844,-49.478294372558594
-5.442486763000488,-0.04948612302541733,-5.4144062995910645,-143.97071838378906,-160.48085021972656,15.531415939331055
-7.674125671386719,-1.4345002174377441,-4.918671607971191,-292.8863830566406,-79.0901870727539,65.83638763427734
-10.436212539672852,-1.3089417219161987,-4.6461710929870605,-221.36273193359375,76.90293884277344,-16.55347442626953
-11.997730255126953,-0.301077663898468,-5.109797954559326,-89.70674133300781,112.54496765136719,-64.79398345947266
-12.276046752929688,0.80304354429245,-5.703365802764893,32.22989273071289,101.06221008300781,-43.059391021728516
-11.381430625915527,1.6174352169036865,-5.862142086029053,144.810546875,54.063114166259766,14.20583438873291
-9.393633842468262,1.6807231903076172,-5.456881523132324,242.6625518798828,-58.71515655517578,55.09841537475586
-7.129335403442383,0.1902770847082138,-5.225705146789551,159.83729553222656,-209.46253967285156,-23.826311111450195
-6.32615327835083,-1.8129206895828247,-5.762172698974609,10.494210243225098,-172.1669921875,-65.4259033203125
-6.732874393463135,-3.1366748809814453,-6.280032157897949,-84.1349105834961,-87.78226470947266,-30.035785675048828
-7.907181739807129,-3.5199320316314697,-6.324181079864502,-144.4381561279297,15.181236267089844,21.22410774230957
-9.37745475769043,-2.8556876182556152,-5.974890232086182,-169.71556091308594,135.0537567138672,46.41465759277344
-10.8600492477417,-0.714169979095459,-5.753185272216797,-92.67073059082031,282.536865234375,-20.125303268432617
-10.883798599243164,1.9690101146697998,-6.345235824584961,65.2438735961914,213.86083984375,-74.18631744384766
-9.976853370666504,3.4457039833068848,-6.875722885131836,102.7491683959961,82.07551574707031,-25.078388214111328
-8.969827651977539,3.6687510013580322,-6.848175048828125,91.51701354980469,-36.69731140136719,27.68532371520996
-8.250130653381348,2.715778112411499,-6.4445390701293945,44.227657318115234,-152.0149383544922,40.98259353637695
-8.267805099487305,0.6470600366592407,-6.289458751678467,-62.24407196044922,-251.01719665527344,-21.872920989990234
-9.777036666870117,-1.7748761177062988,-6.939739227294922,-220.45101928710938,-178.9852752685547,-86.55548858642578
-11.95180606842041,-2.7512519359588623,-7.531484603881836,-192.4807586669922,-28.18301773071289,-23.286046981811523
-13.49655818939209,-2.5379416942596436,-7.4470438957214355,-110.03060913085938,64.31568908691406,34.538307189941406
-14.091659545898438,-1.5526329278945923,-7.01615571975708,-4.488089561462402,126.34622955322266,38.46255874633789
-13.51659107208252,-0.10533884912729263,-6.894824028015137,122.70748138427734,153.02325439453125,-21.398822784423828
-11.768495559692383,1.1306010484695435,-7.430847644805908,256.7577209472656,91.1056900024414,-91.23316955566406
-9.194153785705566,1.0947458744049072,-8.19446849822998,210.58705139160156,-77.02679443359375,-38.059600830078125
-7.742016792297363,0.052428387105464935,-8.196070671081543,79.18865203857422,-116.99806213378906,30.43893814086914
-7.571937561035156,-1.095572829246521,-7.787266731262207,-43.38867950439453,-104.49784088134766,37.941566467285156
-8.583181381225586,-1.947965383529663,-7.627518653869629,-155.51087951660156,-58.65230941772461,-12.24938678741455
-10.659322738647461,-2.1011247634887695,-8.100930213928223,-252.32566833496094,41.93783187866211,-80.35689544677734
-13.203572273254395,-0.7692921757698059,-8.90228271484375,-203.08749389648438,213.30413818359375,-49.214508056640625
-14.406760215759277,1.3798012733459473,-8.942397117614746,-47.10260772705078,190.47425842285156,29.932621002197266
-14.363391876220703,2.870974540710449,-8.578329086303711,48.3282585144043,102.56879425048828,29.066574096679688
-13.562969207763672,3.4004409313201904,-8.515412330627441,105.8469009399414,0.40341052412986755,-20.138938903808594
-12.337282180786133,2.8073790073394775,-9.000244140625,130.88812255859375,-123.78028869628906,-73.57148742675781
-11.205230712890625,0.805214524269104,-9.759231567382812,67.93413543701172,-272.89044189453125,-54.790992736816406
-11.42977237701416,-1.9734508991241455,-9.8153715133667,-96.5531997680664,-231.7505645751953,34.712135314941406
-12.550914764404297,-3.502091884613037,-9.485410690307617,-135.5959014892578,-104.3317642211914,24.06182861328125
-13.889598846435547,-3.927156925201416,-9.50902271270752,-124.35157775878906,16.828866958618164,-30.10248565673828
-14.938139915466309,-3.1951351165771484,-10.059473991394043,-77.62804412841797,127.82241821289062,-74.49127960205078
-15.291058540344238,-1.3813748359680176,-10.799400329589844,19.469852447509766,228.13516235351562,-57.15700149536133
-14.267066955566406,1.0488669872283936,-10.946206092834473,186.30337524414062,210.80099487304688,31.9200496673584
-12.242538452148438,2.271052598953247,-10.56054973602295,184.7389373779297,42.829647064208984,20.203811645507812
-10.778630256652832,2.1642067432403564,-10.686734199523926,101.42781066894531,-55.341487884521484,-43.990760803222656
-10.2645263671875,1.2783020734786987,-11.363842964172363,-3.2477033138275146,-115.62217712402344,-82.48653411865234
-10.908905982971191,-0.05369599163532257,-12.117982864379883,-128.33502197265625,-142.135986328125,-55.2636604309082
-12.921616554260254,-1.3482069969177246,-12.292959213256836,-272.1695251464844,-92.46192169189453,24.985658645629883
-15.817913055419922,-1.3607897758483887,-11.896968841552734,-251.13595581054688,81.64311981201172,22.39689064025879
-17.653661727905273,-0.2427469938993454,-12.066181182861328,-115.0401382446289,124.33199310302734,-52.94721221923828
-18.18143653869629,0.9585558176040649,-12.832801818847656,8.425710678100586,107.19168853759766,-89.2507553100586
-17.63065528869629,1.7490774393081665,-13.561351776123047,110.46641540527344,60.614646911621094,-61.164520263671875
-16.01457405090332,1.9463157653808594,-13.853083610534668,206.40487670898438,-31.846893310546875,6.345771312713623
-13.776078224182129,0.7969094514846802,-13.549993515014648,196.40708923339844,-202.49798583984375,27.032733917236328
-12.672179222106934,-1.4274299144744873,-13.723154067993164,31.997783660888672,-204.85829162597656,-58.6645622253418
-12.8892822265625,-3.0674221515655518,-14.53502368927002,-66.61643981933594,-116.6480484008789,-90.73136138916016
-13.872753143310547,-3.729558229446411,-15.312387466430664,-123.41163635253906,-12.710936546325684,-56.378665924072266
-15.26436996459961,-3.272857666015625,-15.600022315979004,-146.7740020751953,107.06289672851562,-0.04030203819274902
-16.599916458129883,-1.4776837825775146,-15.424999237060547,-97.10247039794922,252.192626953125,17.56900978088379
-16.69720458984375,1.3058377504348755,-15.677919387817383,73.3804931640625,248.4736328125,-72.17803192138672
-15.610790252685547,3.0795369148254395,-16.605998992919922,123.98786163330078,104.59404754638672,-93.25579071044922
-14.409740447998047,3.497570037841797,-17.339014053344727,108.165283203125,-17.62253761291504,-48.334266662597656
-13.541061401367188,2.7720155715942383,-17.573158264160156,57.97943878173828,-124.80266571044922,-0.16662879288196564
-13.399601936340332,1.0228798389434814,-17.4918155670166,-41.173011779785156,-217.88856506347656,2.8572566509246826
-14.455202102661133,-1.1045840978622437,-17.768587112426758,-195.251220703125,-215.98052978515625,-73.94538879394531
-16.713041305541992,-2.403510570526123,-18.807315826416016,-213.0901641845703,-45.517818450927734,-106.12384033203125
-18.420188903808594,-2.3025832176208496,-19.59149742126465,-121.74346160888672,54.74454879760742,-47.10590362548828
-19.11971092224121,-1.4512113332748413,-19.7895565032959,-14.703302383422852,109.51355743408203,3.435514450073242
-18.65032386779785,-0.20193363726139069,-19.69605827331543,111.37396240234375,132.1629638671875,2.0087368488311768
-16.818767547607422,1.0117859840393066,-19.987585067749023,253.7246551513672,92.08488464355469,-69.7079849243164
-13.91888427734375,1.1145983934402466,-21.06484031677246,269.6430358886719,-81.1494140625,-117.41321563720703
-11.899602890014648,-0.08829419314861298,-21.895116806030273,132.7056884765625,-136.34042358398438,-44.80464553833008
-11.179756164550781,-1.4057127237319946,-22.042394638061523,13.202425956726074,-118.0543441772461,8.843624114990234
-11.590104103088379,-2.3552145957946777,-21.923826217651367,-92.23462677001953,-65.1958999633789,2.2249228954315186
-12.980831146240234,-2.599614143371582,-22.173057556152344,-179.66131591796875,24.69342613220215,-57.44809341430664
-15.013375282287598,-1.626762866973877,-23.116432189941406,-199.12771606445312,181.39918518066406,-120.14639282226562
-16.22954559326172,0.6895892024040222,-24.06277847290039,-35.784149169921875,232.57406616210938,-51.76752471923828
-16.05252456665039,2.482642650604248,-24.228260040283203,65.13605499267578,153.338134765625,7.674732685089111
-15.053108215332031,3.4884495735168457,-24.08454704284668,126.50932312011719,44.881473541259766,8.27657413482666
-13.619091987609863,3.358673572540283,-24.229394912719727,152.0195770263672,-72.08934783935547,-41.45952606201172
-12.154280662536621,1.973525047302246,-24.957555770874023,126.10932159423828,-206.5525360107422,-100.6545639038086
-11.538442611694336,-0.6687161922454834,-25.93792152404785,-27.27560806274414,-283.4847412109375,-67.58155822753906
-12.405378341674805,-2.9229793548583984,-26.15904998779297,-116.75422668457031,-152.44940185546875,12.57519817352295
-13.550015449523926,-3.7711544036865234,-25.98907470703125,-101.90707397460938,-20.854591369628906,7.2495551109313965
-14.346365928649902,-3.4277632236480713,-26.154102325439453,-51.548255920410156,86.07904052734375,-42.13977813720703
-14.474386215209961,-2.083524465560913,-26.829761505126953,33.82132339477539,178.7850341796875,-88.33419799804688
-13.443219184875488,0.04666220396757126,-27.687990188598633,184.84178161621094,226.92745971679688,-60.86241149902344
-10.906990051269531,1.7135268449783325,-27.788047790527344,272.00421142578125,77.30738067626953,29.29857063293457
-8.577840805053711,1.8234037160873413,-27.548919677734375,182.7960662841797,-40.38240432739258,3.9516594409942627
-7.26610803604126,1.099453330039978,-27.79215431213379,76.87393951416016,-96.68352508544922,-51.730491638183594
-7.03802490234375,0.09483818709850311,-28.438709259033203,-28.85364532470703,-118.24955749511719,-83.81999206542969
-7.9735260009765625,-1.0630605220794678,-29.212039947509766,-158.8534393310547,-102.55815124511719,-56.593482971191406
-10.212573051452637,-1.6309665441513062,-29.362674713134766,-266.8261413574219,19.264892578125,30.483694076538086
-12.416703224182129,-0.6333819627761841,-28.981033325195312,-145.93630981445312,143.672607421875,18.59521484375
-13.195439338684082,0.827800452709198,-29.132614135742188,-14.089715003967285,136.93858337402344,-46.76994705200195
-12.779960632324219,1.9865282773971558,-29.819894790649414,93.61394500732422,88.10053253173828,-81.41865539550781
-11.368950843811035,2.493319511413574,-30.544296264648438,183.70252990722656,7.13427209854126,-52.3137092590332
-9.185380935668945,1.9838122129440308,-30.730663299560547,240.00619506835938,-119.25284576416016,19.398405075073242
-7.079453468322754,-0.040904540568590164,-30.304365158081055,136.76210021972656,-257.2484130859375,38.479087829589844
-6.490556716918945,-2.3709707260131836,-30.31639862060547,-2.173816204071045,-188.37535095214844,-38.87862014770508
-6.878108024597168,-3.7267870903015137,-30.945356369018555,-66.92943572998047,-79.01567840576172,-75.84566497802734
-7.719770908355713,-3.949064016342163,-31.621490478515625,-94.4508285522461,35.6181526184082,-48.86279296875
-8.656068801879883,-2.9766526222229004,-31.819135665893555,-83.14677429199219,159.93515014648438,12.124481201171875
-9.113849639892578,-0.9620058536529541,-31.486234664916992,3.4839859008789062,275.3128967285156,49.233436584472656
-8.146349906921387,1.7427849769592285,-31.307842254638672,165.6615447998047,215.6055450439453,-25.790246963500977
-6.363063335418701,3.1583518981933594,-31.861703872680664,172.76756286621094,69.85397338867188,-70.31554412841797
-4.834019660949707,3.262716054916382,-32.464107513427734,125.81973266601562,-44.18350601196289,-41.85612487792969
-3.915149688720703,2.3441834449768066,-32.63752746582031,51.5844841003418,-134.9832305908203,7.937179088592529
-3.933711290359497,0.6090961694717407,-32.34755325317383,-65.10661315917969,-203.92959594726562,41.148746490478516
-5.417766094207764,-1.4217860698699951,-32.14448928833008,-227.36253356933594,-162.49578857421875,-19.14829444885254
-7.7550787925720215,-2.1552088260650635,-32.703975677490234,-201.39988708496094,4.287141799926758,-71.55894470214844
-9.251555442810059,-1.6667816638946533,-33.255592346191406,-93.10238647460938,81.983154296875,-30.746232986450195
-9.618244171142578,-0.6573752760887146,-33.306480407714844,21.258127212524414,112.9054183959961,19.110576629638672
-8.789581298828125,0.4886159896850586,-32.964622497558594,145.58746337890625,107.94102478027344,39.25210952758789
-6.663356304168701,1.3192353248596191,-32.76329040527344,274.5664367675781,41.30884552001953,-11.523030281066895
-3.694391965866089,0.886189341545105,-33.295753479003906,263.1910705566406,-128.47254943847656,-79.47710418701172
-1.93647038936615,-0.5193636417388916,-33.85355758666992,124.69298553466797,-159.51329040527344,-33.963294982910156
-1.3053007125854492,-1.9639911651611328,-33.876869201660156,5.035518169403076,-120.58140563964844,25.582324981689453
-1.7672791481018066,-2.8422982692718506,-33.478675842285156,-93.84374237060547,-48.65440368652344,43.38407897949219
-3.129049062728882,-2.8426830768585205,-33.23052215576172,-171.2349090576172,54.80631637573242,-3.1372575759887695
-5.00581693649292,-1.5607116222381592,-33.640262603759766,-177.18228149414062,210.33473205566406,-75.65657043457031
-5.932880878448486,0.9619103074073792,-34.29963302612305,-4.308765888214111,240.4268341064453,-33.569671630859375
-5.451404094696045,2.8799378871917725,-34.28052520751953,86.650146484375,136.1685028076172,30.781234741210938
-4.357433319091797,3.66793155670166,-33.86338806152344,124.21085357666016,19.116493225097656,40.676815032958984
-3.0662033557891846,3.258117914199829,-33.65031051635742,126.19416809082031,-101.39257049560547,-4.300961017608643
-1.9810452461242676,1.6037898063659668,-34.001041412353516,76.6219482421875,-227.7499237060547,-63.61989212036133
-1.9777098894119263,-1.1046380996704102,-34.63294982910156,-92.15766143798828,-266.3517150878906,-35.961856842041016
-3.335866928100586,-3.043471336364746,-34.57847213745117,-149.05941772460938,-115.09272766113281,36.4150390625
-4.690115928649902,-3.5452566146850586,-34.160823822021484,-113.04300689697266,9.138772010803223,34.333839416503906
-5.459968090057373,-3.0456535816192627,-34.02392578125,-51.837215423583984,96.77108001708984,-6.798699378967285
-5.5260009765625,-1.6690765619277954,-34.33982849121094,45.045745849609375,172.54673767089844,-53.23192596435547
-4.37463903427124,0.2697242796421051,-34.893375396728516,194.0445098876953,195.3418731689453,-39.24250030517578
-1.801276445388794,1.60322105884552,-34.861576080322266,274.3732604980469,46.10783004760742,42.42777633666992
0.49776220321655273,1.407217025756836,-34.40556716918945,173.64471435546875,-67.1686019897461,32.261165618896484
1.6650886535644531,0.48054054379463196,-34.34157943725586,58.388694763183594,-109.13956451416016,-19.75786590576172
1.6622720956802368,-0.6651995182037354,-34.74604797363281,-60.60313415527344,-112.33292388916016,-55.01801681518555
0.42059263586997986,-1.6475566625595093,-35.23313522338867,-186.02745056152344,-72.48043060302734,-29.605802536010742
-1.9697659015655518,-1.7802616357803345,-35.160301208496094,-264.8670654296875,68.357177734375,46.78709411621094
-4.058750152587891,-0.3922087848186493,-34.63332748413086,-132.07737731933594,172.12599182128906,35.5540657043457
-4.691470623016357,1.2518022060394287,-34.59429931640625,-0.59123295545578,144.83583068847656,-25.520370483398438
-4.172835826873779,2.3973326683044434,-35.0451774597168,99.51715087890625,77.27134704589844,-55.90827178955078
-2.7689881324768066,2.7103333473205566,-35.51409912109375,175.09326171875,-20.743072509765625,-27.76860237121582
-0.9794783592224121,1.9771908521652222,-35.50519561767578,205.72190856933594,-146.54913330078125,32.29942321777344
0.6671232581138611,-0.2697211802005768,-34.95777893066406,84.41064453125,-271.22698974609375,52.1932258605957
0.7579127550125122,-2.672639846801758,-34.80961990356445,-45.57156753540039,-189.1153564453125,-22.1944580078125
0.00831017829477787,-3.980609893798828,-35.256080627441406,-94.96299743652344,-70.25205993652344,-55.370391845703125
-1.0194092988967896,-4.0903544425964355,-35.708282470703125,-102.79290771484375,48.2755241394043,-26.54229164123535
-1.9292558431625366,-3.004885196685791,-35.70829772949219,-69.69489288330078,168.28952026367188,28.251033782958984
-2.1611921787261963,-0.7273047566413879,-35.20440673828125,43.56187057495117,273.33203125,56.74123001098633
-0.8672397136688232,1.775080680847168,-34.99390411376953,185.58509826660156,185.79383850097656,-21.598020553588867
1.0097978115081787,2.9085586071014404,-35.46074295043945,172.16409301757812,44.834716796875,-56.00920486450195
2.446161985397339,2.8011319637298584,-35.86959457397461,108.86675262451172,-60.405025482177734,-19.339269638061523
3.1254892349243164,1.7808283567428589,-35.80780792236328,21.65426254272461,-138.7916717529297,30.70496368408203
2.759436845779419,0.10140083730220795,-35.342838287353516,-102.39429473876953,-187.71295166015625,50.01472854614258
0.9423702955245972,-1.6601241827011108,-35.119136810302734,-251.80271911621094,-128.42007446289062,-19.47371482849121
-1.356180191040039,-2.092850923538208,-35.56797409057617,-219.56576538085938,23.335962295532227,-60.780487060546875
-2.988619327545166,-1.4340659379959106,-35.989891052246094,-102.88626861572266,95.47601318359375,-16.505462646484375
-3.429857015609741,-0.33715128898620605,-35.88594436645508,15.199854850769043,115.78299713134766,34.62613296508789
-2.6684532165527344,0.7716205716133118,-35.406761169433594,136.9432830810547,97.42432403564453,50.0185432434082
-0.6734189987182617,1.4371559619903564,-35.11808776855469,255.1841278076172,21.523754119873047,-3.5815370082855225
2.0862438678741455,0.8293576836585999,-35.563865661621094,247.84255981445312,-144.9258270263672,-72.05290222167969
3.7878098487854004,-0.9047098755836487,-36.07297134399414,94.99232482910156,-174.606201171875,-18.110557556152344
4.140071868896484,-2.4422309398651123,-35.9351692199707,-20.017440795898438,-124.0688247680664,40.47602844238281
3.47168231010437,-3.2989323139190674,-35.419185638427734,-108.40577697753906,-41.68608093261719,51.103336334228516
2.0424466133117676,-3.184507131576538,-35.11142349243164,-169.23231506347656,69.74681091308594,2.574253559112549
0.28582072257995605,-1.7531208992004395,-35.45188522338867,-157.2926788330078,220.93836975097656,-66.86187744140625
-0.4779411852359772,0.854526937007904,-36.03670120239258,9.856470108032227,250.94020080566406,-26.73631477355957
0.13315264880657196,2.8536078929901123,-35.927093505859375,96.74700164794922,141.2760772705078,42.45293426513672
1.1675406694412231,3.6427478790283203,-35.43830871582031,123.71686553955078,31.004173278808594,53.86152648925781
2.4066271781921387,3.3550310134887695,-35.082881927490234,116.47676086425781,-87.54654693603516,10.5852632522583
3.3683600425720215,1.878391981124878,-35.28527069091797,64.22640228271484,-205.38575744628906,-50.735965728759766
3.3653998374938965,-0.6538559198379517,-35.90624237060547,-85.27446746826172,-271.6204528808594,-47.65135192871094
1.8941730260849,-2.7958462238311768,-35.923519134521484,-173.26840209960938,-137.95883178710938,39.05253219604492
0.2742857336997986,-3.4854238033294678,-35.39363479614258,-138.78652954101562,-5.304068565368652,52.18653106689453
-0.7831807136535645,-3.0281925201416016,-35.07244110107422,-67.3715591430664,90.66246032714844,7.421725273132324
-0.9954433441162109,-1.7499459981918335,-35.26199722290039,30.7476863861084,158.61251831054688,-43.67764663696289
-0.02826344221830368,0.026602530851960182,-35.809478759765625,169.2083740234375,182.5605010986328,-49.005897521972656
2.384052038192749,1.4038739204406738,-35.899688720703125,280.0091247558594,59.55064010620117,38.48332214355469
4.834803581237793,1.2615892887115479,-35.312042236328125,190.26119995117188,-68.09990692138672,56.337188720703125
6.153164386749268,0.3142426609992981,-35.00511932373047,71.89313507080078,-110.94279479980469,2.0578725337982178
6.288529396057129,-0.8349069356918335,-35.253116607666016,-45.67362976074219,-111.39755249023438,-47.81589126586914
5.365437984466553,-1.728071689605713,-35.74851989746094,-156.1951141357422,-76.93560028076172,-49.15916061401367
3.233081579208374,-2.0484044551849365,-35.93351745605469,-257.4497375488281,30.383787155151367,23.0087833404541
0.8427469730377197,-0.8817777037620544,-35.322471618652344,-175.40818786621094,179.35330200195312,73.37940216064453
-0.15503524243831635,0.9455019235610962,-34.887691497802734,-31.407766342163086,167.53993225097656,8.126405715942383
0.06578604876995087,2.3236539363861084,-35.12184143066406,70.4306640625,100.69036865234375,-49.286163330078125
1.1771090030670166,2.8771965503692627,-35.69133758544922,145.63539123535156,5.116237163543701,-50.91591262817383
2.882120370864868,2.3378067016601562,-35.92548370361328,184.74179077148438,-117.40165710449219,11.478074073791504
4.559830188751221,0.40415558218955994,-35.40812683105469,116.0699462890625,-261.5270080566406,81.69649505615234
4.830502033233643,-2.1882293224334717,-34.80987548828125,-43.772159576416016,-219.613037109375,20.666004180908203
4.047385215759277,-3.808527708053589,-34.97186279296875,-100.4083023071289,-100.55712127685547,-46.10736846923828
2.97005558013916,-4.207730293273926,-35.539337158203125,-107.15576171875,20.642471313476562,-53.46656036376953
2.012486457824707,-3.413278579711914,-35.84185028076172,-76.8726806640625,136.26502990722656,-0.968403160572052
1.6068847179412842,-1.488092303276062,-35.49244689941406,10.987950325012207,242.0321502685547,69.40079498291016
2.417280673980713,0.8428764343261719,-34.82988357543945,166.63052368164062,230.1215057373047,50.56190872192383
4.370082855224609,2.3907008171081543,-34.77992248535156,193.37925720214844,79.4303207397461,-34.25678634643555
6.0425333976745605,2.584761142730713,-35.2884635925293,131.94029235839844,-34.22679901123047,-52.46798324584961
6.944624423980713,1.8148961067199707,-35.62238693237305,44.316856384277344,-113.74783325195312,-8.637358665466309
6.857538223266602,0.39104175567626953,-35.41875076293945,-67.06127166748047,-163.97352600097656,48.9512939453125
5.4451141357421875,-1.2875596284866333,-34.78916931152344,-219.0667724609375,-148.86070251464844,57.63253402709961
2.8186862468719482,-2.0236754417419434,-34.65656661987305,-254.87989807128906,12.001668930053711,-33.870296478271484
0.836561918258667,-1.392009973526001,-35.17207336425781,-135.09690856933594,96.8702163696289,-50.590999603271484
0.09215136617422104,-0.2901337146759033,-35.4432487487793,-14.04469108581543,114.89793395996094,0.19507169723510742
0.5373191833496094,0.8008843064308167,-35.17325210571289,102.56208038330078,95.7105712890625,51.05556106567383
2.157087564468384,1.4914979934692383,-34.5716438293457,218.05615234375,31.418046951293945,53.96317672729492
4.7582879066467285,1.1374289989471436,-34.390567779541016,270.47113037109375,-118.37765502929688,-28.722740173339844
6.676724910736084,-0.4371390640735626,-34.914066314697266,135.73165893554688,-194.2197265625,-63.21336364746094
7.353085994720459,-2.219235897064209,-35.2774772644043,8.327566146850586,-150.99765014648438,-4.77630090713501
6.973654270172119,-3.3711001873016357,-35.02875518798828,-79.37136840820312,-73.65362548828125,50.533592224121094
5.833547592163086,-3.617041826248169,-34.40860366821289,-143.09481811523438,29.6236629486084,60.80992126464844
4.233006477355957,-2.67257022857666,-34.053070068359375,-163.7962188720703,163.57891845703125,0.36999186873435974
2.9989962577819824,-0.3166488707065582,-34.47959899902344,-46.030189514160156,280.0496520996094,-73.09677124023438
3.3186452388763428,2.12963604927063,-34.97739791870117,84.85598754882812,188.4329071044922,-13.257027626037598
4.38923978805542,3.414862632751465,-34.76414489746094,118.3836669921875,67.11031341552734,50.536869049072266
5.5671491622924805,3.489553928375244,-34.129451751708984,109.73917388916016,-51.545982360839844,63.58055114746094
6.485030174255371,2.3959197998046875,-33.70795440673828,65.68534851074219,-164.2899627685547,12.571355819702148
6.6810126304626465,0.228135883808136,-33.96766662597656,-43.25472640991211,-258.5184326171875,-63.467437744140625
5.369229793548584,-2.180593729019165,-34.61558532714844,-194.20306396484375,-176.44142150878906,-35.35934829711914
3.4520299434661865,-3.194795608520508,-34.535972595214844,-170.5189971923828,-34.174049377441406,44.59201431274414
2.1847918033599854,-3.0734496116638184,-33.980979919433594,-102.41194152832031,55.897525787353516,66.2027359008789
1.612949013710022,-2.1389122009277344,-33.478580474853516,-8.233370780944824,124.68344116210938,26.82292366027832
2.0906851291656494,-0.6641085743904114,-33.51665115356445,108.0296859741211,161.87281799316406,-35.430580139160156
3.911503314971924,0.8750252723693848,-34.08053970336914,254.89649963378906,119.50382995605469,-57.38383483886719
6.683277130126953,1.2396777868270874,-34.23081970214844,250.8989715576172,-42.375877380371094,31.454090118408203
8.5806884765625,0.4004242718219757,-33.662818908691406,123.50080871582031,-109.22288513183594,64.74516296386719
9.192588806152344,-0.7597788572311401,-33.17535400390625,0.2581654191017151,-114.60090637207031,25.776914596557617
8.61565113067627,-1.790543556213379,-33.186607360839844,-114.46015167236328,-83.7181396484375,-28.237884521484375
6.890841960906982,-2.277341604232788,-33.662498474121094,-226.17259216308594,-1.4726934432983398,-54.22776794433594
4.362074375152588,-1.4900329113006592,-33.89033889770508,-236.4189910888672,165.22866821289062,23.55572509765625
2.793884515762329,0.4800819158554077,-33.32386779785156,-77.36234283447266,194.38755798339844,66.85628509521484
2.624933958053589,2.1371617317199707,-32.86127853393555,35.13481903076172,128.21983337402344,19.94392967224121
3.3835296630859375,2.9930078983306885,-32.92862319946289,110.81224060058594,38.18390655517578,-31.308000564575195
4.629214286804199,2.890422821044922,-33.32656478881836,157.30642700195312,-64.42842864990234,-46.395572662353516
6.29502534866333,1.548026204109192,-33.581626892089844,158.3396453857422,-207.5106964111328,8.05144214630127
7.245574474334717,-1.100760817527771,-33.07488250732422,5.485390663146973,-273.9483642578125,76.91526794433594
6.699362754821777,-3.289149045944214,-32.507083892822266,-92.52472686767578,-155.71875,25.914514541625977
5.63197660446167,-4.244411468505859,-32.553955078125,-111.93031311035156,-34.722354888916016,-31.300031661987305
4.565729141235352,-3.996670961380005,-33.00358963012695,-94.08412170410156,83.43805694580078,-47.51301956176758
3.878533124923706,-2.584195137023926,-33.28849411010742,-34.17237091064453,194.6837921142578,-0.39314407110214233
4.136542320251465,-0.19594639539718628,-32.9071159362793,103.11197662353516,260.91845703125,75.16260528564453
5.882918834686279,1.8927967548370361,-32.18075942993164,204.92181396484375,130.35411071777344,43.8887825012207
7.759100914001465,2.508385419845581,-32.121795654296875,157.66036987304688,0.8346797823905945,-26.309528350830078
8.945927619934082,2.0411224365234375,-32.54474639892578,74.08429718017578,-88.64139556884766,-46.741268157958984
9.178323745727539,0.8167835474014282,-32.85337448120117,-31.76011848449707,-149.1988525390625,-6.9158430099487305
8.20173168182373,-0.8169134855270386,-32.59684371948242,-168.8911590576172,-163.49313354492188,59.13590621948242
6.036619186401367,-1.9316309690475464,-31.935527801513672,-283.28729248046875,-49.3055305480957,62.14870071411133
3.5271644592285156,-1.6412720680236816,-31.738887786865234,-193.6460418701172,82.3216781616211,-20.064876556396484
2.226781129837036,-0.604820191860199,-32.130043029785156,-65.14762115478516,114.28860473632812,-43.75198745727539
2.1745481491088867,0.5166321992874146,-32.39811325073242,52.755672454833984,102.7064208984375,-3.7976341247558594
3.267418384552002,1.3507379293441772,-32.16499328613281,164.10263061523438,55.81889724731445,49.95302963256836
5.449009418487549,1.4261196851730347,-31.52342414855957,261.2104187011719,-56.55821990966797,60.38523483276367
7.894416332244873,0.01311509683728218,-31.333053588867188,180.434814453125,-199.52584838867188,-25.696043014526367
8.915971755981445,-1.9371578693389893,-31.751205444335938,32.84538269042969,-171.8013153076172,-39.8396110534668
8.727231979370117,-3.300180196762085,-31.92852783203125,-63.802772521972656,-95.3033218383789,7.458347320556641
7.729891300201416,-3.7828145027160645,-31.605113983154297,-130.1506805419922,3.3738017082214355,53.93159484863281
6.208759307861328,-3.14251446723938,-31.003633499145508,-164.5162353515625,130.1027374267578,52.56048583984375
4.738788604736328,-1.0632262229919434,-30.817529678344727,-96.14045715332031,276.25115966796875,-24.34861946105957
4.673779010772705,1.60318124294281,-31.287736892700195,63.188812255859375,217.07908630371094,-41.370845794677734
5.497537136077881,3.0642778873443604,-31.417001724243164,106.57279968261719,103.0853500366211,13.981888771057129
6.606841564178467,3.4969210624694824,-31.014001846313477,107.86753845214844,-16.777986526489258,60.52615737915039
7.552556037902832,2.7284486293792725,-30.38587188720703,73.96397399902344,-134.92941284179688,52.202667236328125
7.929281711578369,0.8095901608467102,-30.15813636779785,-11.993189811706543,-242.3790740966797,-13.941019058227539
6.951502799987793,-1.7480542659759521,-30.63740348815918,-182.9605255126953,-216.3095245361328,-58.4602165222168
4.968165397644043,-3.0872890949249268,-30.876794815063477,-186.00453186035156,-59.187721252441406,13.516474723815918
3.41609263420105,-3.128382682800293,-30.44670867919922,-117.31031799316406,45.0024528503418,64.93698120117188
2.6848952770233154,-2.281464099884033,-29.79050064086914,-24.508277893066406,118.64722442626953,54.12895202636719
2.9924545288085938,-0.847017228603363,-29.504192352294922,89.77776336669922,159.6602325439453,-1.7114222049713135
4.607653617858887,0.7113447785377502,-29.83609390258789,234.96168518066406,128.88314819335938,-56.816524505615234
7.2791266441345215,1.200701355934143,-30.186613082885742,249.9593505859375,-33.37493133544922,3.918381690979004
9.193990707397461,0.40971142053604126,-29.798213958740234,127.37629699707031,-108.31067657470703,62.951385498046875
9.853800773620605,-0.7717369198799133,-29.159770965576172,5.0730671882629395,-118.71865844726562,53.420936584472656
9.420954704284668,-1.7751259803771973,-28.86113929748535,-98.73130798339844,-95.60015869140625,9.138019561767578
7.871707439422607,-2.438817262649536,-29.04239273071289,-207.20750427246094,-25.8970947265625,-42.256046295166016
5.3984198570251465,-2.0004072189331055,-29.47239112854004,-259.5001525878906,128.99826049804688,-20.46455192565918
3.4137022495269775,-0.11995462328195572,-29.201391220092773,-120.34678649902344,204.81362915039062,65.45487976074219
2.880354642868042,1.6893373727798462,-28.502891540527344,5.520345211029053,146.04193115234375,58.359642028808594
3.3743693828582764,2.7366127967834473,-28.166547775268555,86.97404479980469,58.94832229614258,6.703819751739502
4.5417680740356445,2.80820369720459,-28.356182098388672,140.29605102539062,-49.206661224365234,-40.701419830322266
6.064675807952881,1.6315687894821167,-28.742080688476562,150.23158264160156,-190.77456665039062,-18.714773178100586
7.023211479187012,-0.9352303743362427,-28.4671688079834,7.425168037414551,-280.2707214355469,72.13162231445312
6.410137176513672,-3.2188868522644043,-27.730426788330078,-103.89665222167969,-164.1839599609375,54.775020599365234
5.227353572845459,-4.236055850982666,-27.491100311279297,-122.69677734375,-39.597408294677734,-5.927010536193848
4.068480968475342,-4.040924549102783,-27.765748977661133,-101.60070037841797,78.0634536743164,-41.30203628540039
3.3135359287261963,-2.676987886428833,-28.09784698486328,-40.96426773071289,190.49801635742188,-12.030546188354492
3.402742862701416,-0.5607118606567383,-27.886173248291016,73.81895446777344,260.2440490722656,62.93115997314453
4.916172504425049,1.6632273197174072,-27.020551681518555,193.84034729003906,146.5022735595703,79.1860580444336
6.733304023742676,2.404491901397705,-26.594554901123047,155.46273803710938,11.647856712341309,6.122908592224121
7.924933433532715,2.0476293563842773,-26.81283187866211,77.33096313476562,-77.5735855102539,-42.614009857177734
8.210742950439453,0.9280221462249756,-27.23255729675293,-24.56611442565918,-139.9070281982422,-28.67605972290039
7.357640266418457,-0.6447460055351257,-27.2235164642334,-149.5357666015625,-163.85797119140625,35.0856819152832
5.139662742614746,-2.0365192890167236,-26.51742935180664,-283.72760009765625,-83.07779693603516,92.06007385253906
2.350457191467285,-2.02276873588562,-25.864809036254883,-235.45669555664062,69.0301742553711,24.654165267944336
0.6138347387313843,-1.02094566822052,-25.956897735595703,-109.0132064819336,118.06713104248047,-34.235801696777344
0.13239417970180511,0.18380962312221527,-26.330598831176758,11.603193283081055,115.02222442626953,-28.824583053588867
0.8140633702278137,1.1697745323181152,-26.38104248046875,122.3157730102539,74.00019836425781,23.274871826171875
2.5597476959228516,1.484100103378296,-25.826622009277344,219.2963104248047,-25.858238220214844,83.23345184326172
4.778180122375488,0.34432563185691833,-25.081039428710938,179.4806365966797,-193.41038513183594,40.92530059814453
5.7413835525512695,-1.556970238685608,-25.073856353759766,35.24169921875,-199.8702850341797,-31.8616943359375
5.485836029052734,-3.2258331775665283,-25.47980499267578,-77.62950134277344,-125.62376403808594,-35.002952575683594
4.318265914916992,-4.026623725891113,-25.61257553100586,-148.30360412597656,-30.688556671142578,11.782398223876953
2.60479474067688,-3.7739689350128174,-25.222604751586914,-185.9014434814453,85.49004364013672,63.901695251464844
0.7810435891151428,-2.1849119663238525,-24.505645751953125,-157.31622314453125,232.92124938964844,60.45558547973633
-0.0605899915099144,0.5326281785964966,-24.354726791381836,-2.5759103298187256,262.1974792480469,-31.474702835083008
0.3899403214454651,2.575589895248413,-24.82784080505371,74.52853393554688,138.91058349609375,-44.88529586791992
1.2072874307632446,3.347109794616699,-25.056795120239258,80.54048919677734,16.34300994873047,1.9788237810134888
1.8893945217132568,2.9362905025482178,-24.794893264770508,48.95518112182617,-97.38045501708984,47.16173553466797
2.046066999435425,1.4032038450241089,-24.26075553894043,-27.01068878173828,-204.4960479736328,45.217247009277344
1.0764738321304321,-1.0065977573394775,-24.16094207763672,-179.9310302734375,-249.9069061279297,-35.90053939819336
-1.3100696802139282,-2.856403112411499,-24.836915969848633,-254.63856506347656,-102.60199737548828,-72.28881072998047
-3.6063385009765625,-3.23160719871521,-25.277450561523438,-192.87191772460938,18.68833351135254,-12.618807792663574
-4.998013973236084,-2.708993673324585,-25.170696258544922,-107.86678314208984,91.47229766845703,32.0926399230957
-5.522675037384033,-1.494696021080017,-24.799455642700195,7.705769062042236,144.3797607421875,28.514184951782227
-4.766826629638672,0.046107519418001175,-24.8280029296875,146.1886749267578,149.59658813476562,-42.66135787963867
-2.6385600566864014,1.0169730186462402,-25.65086555480957,245.20162963867188,9.10685920715332,-99.76858520507812
-0.6573042273521423,0.3862122893333435,-26.339908599853516,136.3193359375,-107.02957153320312,-30.65474510192871
0.09089219570159912,-0.8261141180992126,-26.33020782470703,13.711930274963379,-124.93507385253906,25.39354705810547
-0.34864380955696106,-1.9912705421447754,-26.041536331176758,-99.17174530029297,-100.90909576416016,20.315765380859375
-1.866512656211853,-2.7398951053619385,-26.091306686401367,-200.0865936279297,-40.5971794128418,-34.79723358154297
-4.292815685272217,-2.611184597015381,-26.780750274658203,-271.3268127441406,79.70255279541016,-97.5729751586914
-6.7515764236450195,-1.0318771600723267,-27.636457443237305,-180.10177612304688,209.95004272460938,-49.66520309448242
-7.779973030090332,1.0078846216201782,-27.744794845581055,-33.16679763793945,178.9393310546875,18.79762077331543
-7.583319664001465,2.408933401107788,-27.489227294921875,64.73851776123047,94.7366714477539,19.671689987182617
-6.611204624176025,2.855945348739624,-27.507505416870117,122.50934600830078,-9.165267944335938,-27.486629486083984
-5.382009506225586,2.267083168029785,-27.999053955078125,138.10250854492188,-123.73695373535156,-78.85936737060547
-4.25233793258667,0.30140310525894165,-28.887449264526367,60.99800491333008,-261.47991943359375,-77.32620239257812
-4.468174934387207,-2.378504753112793,-29.230239868164062,-91.20471954345703,-232.1925506591797,9.879009246826172
-5.690695285797119,-4.0348052978515625,-28.959064483642578,-137.13214111328125,-94.77631378173828,25.342166900634766
-7.040590763092041,-4.340438365936279,-28.92964744567871,-124.45292663574219,31.49751091003418,-22.703582763671875
-8.066701889038086,-3.429629325866699,-29.42548179626465,-71.86973571777344,148.6004638671875,-73.55509185791016
-8.273468017578125,-1.4108132123947144,-30.22084617614746,44.79861068725586,243.54568481445312,-65.35828399658203
-6.931441783905029,0.9316627383232117,-30.41510772705078,207.38343811035156,174.88595581054688,28.05425453186035
-4.834456920623779,1.8329523801803589,-30.041114807128906,187.3543243408203,17.6700496673584,24.821365356445312
-3.362370252609253,1.5141112804412842,-30.103534698486328,100.64308166503906,-73.18682861328125,-36.992977142333984
-2.8729305267333984,0.48214346170425415,-30.71551513671875,-7.134336948394775,-126.74176788330078,-77.94803619384766
-3.581160545349121,-0.9239853620529175,-31.446868896484375,-136.56114196777344,-145.15423583984375,-53.53036117553711
-5.646064758300781,-2.176506280899048,-31.581968307495117,-266.00830078125,-79.86328125,31.17354965209961
-8.083511352539062,-2.184903621673584,-31.134784698486328,-232.4722900390625,70.36621856689453,42.78639602661133
-9.786494255065918,-1.1061314344406128,-31.029441833496094,-105.77262878417969,128.26634216308594,-23.18156623840332
-10.233884811401367,0.19333304464817047,-31.54096794128418,15.99596118927002,122.29598236083984,-71.755615234375
-9.487041473388672,1.2164583206176758,-32.271934509277344,130.8804931640625,74.06602478027344,-61.54427719116211
-7.671385288238525,1.5225316286087036,-32.606143951416016,223.74020385742188,-23.727813720703125,1.0676944255828857
-5.305749416351318,0.4701925218105316,-32.235843658447266,209.84556579589844,-189.0716552734375,58.96319580078125
-3.9746086597442627,-1.6581907272338867,-31.929431915283203,58.914676666259766,-201.49954223632812,-8.782403945922852
-3.919938564300537,-3.3149349689483643,-32.36088943481445,-40.788116455078125,-121.79080200195312,-69.45199584960938
-4.686324119567871,-4.0265655517578125,-33.09049606323242,-106.59081268310547,-16.777904510498047,-61.67729568481445
-5.9527435302734375,-3.601890802383423,-33.407718658447266,-138.67222595214844,103.72737884521484,3.9185075759887695
-7.260899066925049,-1.8436647653579712,-33.00065994262695,-99.1351089477539,251.6639862060547,66.63541412353516
-7.290965557098389,0.9654555916786194,-32.63201141357422,83.70795440673828,246.46548461914062,-12.357203483581543
-6.144057273864746,2.7328426837921143,-33.112552642822266,128.2120819091797,106.22648620605469,-69.0322036743164
-5.0045552253723145,3.1860809326171875,-33.6823616027832,115.12998962402344,-5.227890491485596,-46.11591720581055
-4.04379415512085,2.576312303543091,-33.875431060791016,70.73123168945312,-114.28595733642578,8.916312217712402
-3.7012338638305664,0.9188715219497681,-33.5436897277832,-10.577342987060547,-212.29611206054688,47.86623001098633
-4.498044013977051,-1.4637099504470825,-33.26585388183594,-155.88238525390625,-230.12808227539062,-9.67861557006836
-6.4770989418029785,-3.0040817260742188,-33.7401008605957,-202.78475952148438,-67.57608032226562,-67.2004165649414
-8.212114334106445,-3.019991874694824,-34.3011589050293,-135.05490112304688,53.00483322143555,-35.60962677001953
-9.109245300292969,-2.1042540073394775,-34.396915435791016,-39.65914535522461,122.31845092773438,16.053604125976562
-8.93774700164795,-0.6744071841239929,-34.037498474121094,77.75010681152344,154.7025909423828,47.918827056884766
-7.477315902709961,0.8140319585800171,-33.662967681884766,212.68182373046875,125.55291748046875,13.583283424377441
-4.88054084777832,1.4567296504974365,-33.940460205078125,273.04266357421875,-9.84671401977539,-67.68671417236328
-2.5852813720703125,0.8013070225715637,-34.678653717041016,167.2961883544922,-103.22772216796875,-56.92131805419922
-1.5372827053070068,-0.37631407380104065,-34.9317741394043,42.28635025024414,-122.53536224365234,5.681411266326904
-1.7161439657211304,-1.5270617008209229,-34.62189483642578,-78.42610931396484,-99.20740509033203,49.77560043334961
-2.9286341667175293,-2.1743016242980957,-34.191162109375,-184.20462036132812,-33.82115936279297,32.42753982543945
-5.210591793060303,-1.8231571912765503,-34.24711608886719,-246.48316955566406,125.2703857421875,-52.00871276855469
-6.945417881011963,0.16233931481838226,-34.986690521240234,-85.67222595214844,219.33616638183594,-62.807273864746094
-7.178579330444336,2.0652472972869873,-35.194190979003906,29.709842681884766,147.9065704345703,19.28619384765625
-6.474856376647949,3.0457236766815186,-34.75213623046875,105.2845687866211,43.730995178222656,56.21585464477539
-5.159162521362305,2.8935978412628174,-34.35081481933594,150.1310577392578,-75.68922424316406,12.236339569091797
-3.6050186157226562,1.454269289970398,-34.6396484375,145.27565002441406,-213.56504821777344,-71.87914276123047
-2.841749906539917,-1.229366660118103,-35.421085357666016,-20.082979202270508,-275.3089294433594,-50.53894805908203
-3.6223666667938232,-3.378654718399048,-35.48114013671875,-110.20091247558594,-146.56768798828125,31.946578979492188
-4.787519931793213,-4.196784973144531,-34.97517776489258,-112.49760437011719,-17.63370704650879,55.281978607177734
-5.753239631652832,-3.777024984359741,-34.59568786621094,-73.51377868652344,97.98766326904297,13.868582725524902
-6.145577907562256,-2.279301404953003,-34.762203216552734,3.6601877212524414,196.5215301513672,-48.055824279785156
-5.4560089111328125,0.035935889929533005,-35.453609466552734,144.65249633789062,244.21697998046875,-69.89877319335938
-3.664931535720825,1.835246205329895,-35.781402587890625,219.744140625,131.86109924316406,2.1216022968292236
-1.610718846321106,2.483384847640991,-35.47508239746094,176.9924774169922,4.091160297393799,48.239925384521484
-0.24047158658504486,2.034656524658203,-35.051063537597656,91.23162078857422,-87.71321105957031,27.21462631225586
0.1543882042169571,0.8219112157821655,-35.015953063964844,-17.067913055419922,-147.80996704101562,-22.281105041503906
-0.6961710453033447,-0.8050956726074219,-35.4793815612793,-160.2258758544922,-164.7093505859375,-62.81672668457031
-3.153770923614502,-1.9449859857559204,-35.872154235839844,-286.4815368652344,-24.4016170501709,9.843772888183594
-5.4605937004089355,-1.6145397424697876,-35.437049865722656,-164.4263916015625,64.94393920898438,55.32992172241211
-6.470904350280762,-0.8589640855789185,-35.11337661743164,-37.06304931640625,79.63296508789062,3.204313039779663
-6.227981090545654,-0.09578616917133331,-35.37150955200195,85.1397705078125,68.83616638183594,-50.077213287353516
-4.758028984069824,0.47320792078971863,-35.906761169433594,208.49166870117188,40.18501281738281,-39.28141403198242
-2.0612900257110596,0.4597688615322113,-35.90966033935547,314.0531921386719,-74.53443908691406,44.745296478271484
0.3607198894023895,-1.1716995239257812,-35.31268310546875,139.7211151123047,-192.1466522216797,42.08903884887695
1.041393756866455,-2.913597345352173,-35.22150802612305,7.533699035644531,-146.8607635498047,-21.454198837280273
0.7295131087303162,-3.969477415084839,-35.6029052734375,-72.0,-80.54227447509766,-55.37040710449219
-0.3214646279811859,-4.32795524597168,-36.11090850830078,-131.68502807617188,12.887269020080566,-35.11723327636719
-1.7963252067565918,-3.6390161514282227,-36.178401947021484,-152.93527221679688,128.0087127685547,24.634523391723633
-3.1204044818878174,-1.7301714420318604,-35.64223098754883,-88.36509704589844,239.10479736328125,67.92671203613281
-3.2508327960968018,0.6328847408294678,-35.23066711425781,58.25498962402344,206.5633544921875,8.792983055114746
-2.1830356121063232,2.2149274349212646,-35.41587829589844,143.37777709960938,102.87734985351562,-40.85492706298828
-0.5503193140029907,2.6459274291992188,-35.914432525634766,172.5070343017578,-19.47385025024414,-49.104244232177734
1.1014870405197144,1.8060483932495117,-36.23668670654297,144.47068786621094,-147.11355590820312,-8.852476119995117
2.0701310634613037,-0.24972504377365112,-36.02095031738281,29.646408081054688,-250.3550567626953,51.863502502441406
1.497800350189209,-2.729851007461548,-35.38726806640625,-129.39598083496094,-213.09478759765625,53.0343017578125
0.025674615055322647,-4.221076488494873,-35.254852294921875,-141.0590057373047,-80.88157653808594,-24.437358856201172
-1.1389005184173584,-4.44436502456665,-35.68698501586914,-84.54805755615234,32.7357177734375,-47.764644622802734
-1.5827653408050537,-3.7411608695983887,-35.977291107177734,-9.457204818725586,118.01396942138672,-9.167380332946777
-1.1396757364273071,-2.16243577003479,-35.74613952636719,106.33820343017578,190.17083740234375,54.198604583740234
0.8589076399803162,-0.16284775733947754,-35.20749282836914,311.9935302734375,161.50282287597656,14.351961135864258
3.7942111492156982,0.33060187101364136,-35.5950813293457,234.86537170410156,-18.957298278808594,-53.72407913208008
5.556687355041504,-0.14977742731571198,-35.86137008666992,115.003173828125,-68.96675109863281,6.509288787841797
6.13762092590332,-0.9620725512504578,-35.506256103515625,0.7875703573226929,-88.95670318603516,56.1727294921875
5.551908016204834,-1.887831211090088,-34.95659255981445,-119.16984558105469,-90.79431915283203,40.838706970214844
3.7214627265930176,-2.6065473556518555,-34.88335037231445,-235.28688049316406,-33.164791107177734,-31.156888961791992
1.3511035442352295,-2.0886642932891846,-35.32846450805664,-196.29637145996094,139.48529052734375,-34.47746658325195
0.21461166441440582,-0.281219482421875,-35.36861801147461,-30.446964263916016,193.42840576171875,25.619949340820312
0.6009310483932495,1.4742711782455444,-34.90678405761719,99.56704711914062,145.52276611328125,59.010746002197266
2.0728554725646973,2.5038299560546875,-34.35126495361328,184.98086547851562,52.700706481933594,43.35566329956055
4.157808303833008,2.436836004257202,-34.131813049316406,219.4418487548828,-70.32493591308594,-2.5328376293182373
6.0799384117126465,1.227372169494629,-34.35132598876953,188.16644287109375,-190.18128967285156,-39.715267181396484
7.387760639190674,-0.9050111770629883,-34.56644821166992,64.02098846435547,-209.0065155029297,8.124484062194824
7.447729110717773,-2.725113868713379,-34.19098663330078,-45.96577835083008,-144.57627868652344,62.5186767578125
6.575472831726074,-3.6862545013427734,-33.444278717041016,-121.42637634277344,-40.77912139892578,76.59162902832031
5.126245021820068,-3.437582492828369,-32.82057571411133,-158.68124389648438,97.11366271972656,41.02326965332031
3.7048654556274414,-1.526645541191101,-32.71418762207031,-85.67826843261719,287.6835632324219,-21.118684768676758
3.9449617862701416,1.3820558786392212,-32.81260681152344,87.85860443115234,236.6343994140625,25.457063674926758
4.768003940582275,3.031419515609741,-32.16510772705078,65.30416870117188,95.42173767089844,92.90276336669922
5.19428825378418,3.3495218753814697,-31.236921310424805,20.70986557006836,-29.925195693969727,74.54552459716797
5.270086765289307,2.435952663421631,-30.88391876220703,1.395970106124878,-153.01309204101562,-5.259980201721191
5.227264404296875,0.14680854976177216,-31.07514762878418,-32.68977355957031,-310.0549011230469,-3.380739212036133
3.8163259029388428,-2.6525700092315674,-30.403413772583008,-194.6240234375,-169.6072998046875,98.17579650878906
1.964216947555542,-3.514596700668335,-29.672895431518555,-164.96437072753906,-16.763988494873047,41.677330017089844
0.6897444128990173,-3.232327938079834,-29.555315017700195,-110.15921783447266,74.47842407226562,-13.9152193069458
-0.031026093289256096,-2.06443190574646,-29.8602294921875,-28.61391258239746,154.50912475585938,-34.7380485534668
0.22419244050979614,-0.2204677015542984,-30.021202087402344,85.60755157470703,202.8330078125,13.090986251831055
1.6777552366256714,1.617891788482666,-29.478958129882812,185.7314453125,130.1533660888672,84.22899627685547
3.5680325031280518,2.1238317489624023,-28.73955535888672,175.50531005859375,-26.408409118652344,51.03330612182617
4.974850654602051,1.2248790264129639,-28.530067443847656,93.55376434326172,-143.99314880371094,-9.5147705078125
5.258813381195068,-0.5811851024627686,-28.886566162109375,-46.60869598388672,-202.27391052246094,-56.015438079833984
3.921410322189331,-2.4777565002441406,-29.435029983520508,-215.45045471191406,-150.98236083984375,-37.13868713378906
1.3351128101348877,-3.280550479888916,-29.361080169677734,-258.9344177246094,-9.920662879943848,56.91512680053711
-0.6683539152145386,-2.980780601501465,-28.638341903686523,-134.55087280273438,58.492820739746094,63.15060806274414
-1.4233125448226929,-2.216216564178467,-28.290390014648438,-16.715465545654297,88.7917251586914,2.474797248840332
-0.977325439453125,-1.2974847555160522,-28.623519897460938,109.20658874511719,86.62739562988281,-68.19052124023438
0.9445319175720215,-0.6237332224845886,-29.390230178833008,289.1022644042969,41.152305603027344,-47.25425720214844
3.6991360187530518,-0.7414008378982544,-28.769163131713867,218.50079345703125,-42.44863510131836,110.47867584228516
5.148827075958252,-1.1413789987564087,-28.255178451538086,79.02240753173828,-38.48815155029297,-9.82419490814209
5.3073320388793945,-1.5586336851119995,-28.857759475708008,-51.1158332824707,-45.77916717529297,-101.50733184814453
4.047898292541504,-2.0566275119781494,-29.917940139770508,-198.98666381835938,-45.99502182006836,-78.28543090820312
1.5001006126403809,-2.0929975509643555,-29.947011947631836,-272.88470458984375,69.5516128540039,85.03252410888672
-0.3727657198905945,-0.558782696723938,-28.730178833007812,-78.81696319580078,195.4487762451172,101.2240219116211
-0.3262236714363098,1.261842966079712,-28.291624069213867,74.26245880126953,152.01461791992188,-12.901673316955566
0.9406536817550659,2.3039791584014893,-28.939912796020508,170.70835876464844,45.45541000366211,-112.62632751464844
2.9498143196105957,2.005274772644043,-30.284536361694336,210.04751586914062,-103.29034423828125,-116.0630874633789
4.629717826843262,0.592535674571991,-30.7873477935791,108.25755310058594,-156.9424285888672,12.250710487365723
5.016080379486084,-0.8547375202178955,-30.23264503479004,-33.51662826538086,-118.20477294921875,85.58138275146484
3.949957847595215,-1.5804641246795654,-29.43939208984375,-176.16748046875,-18.771697998046875,49.70832061767578
1.5389043092727661,-1.018046498298645,-29.732032775878906,-279.663818359375,156.14195251464844,-150.3951416015625
-0.06524030864238739,0.567604124546051,-31.19618034362793,-99.45220947265625,139.34417724609375,-96.71102142333984
-0.6104482412338257,1.4645215272903442,-31.452184677124023,-13.383447647094727,39.137882232666016,38.69255065917969
-0.32876887917518616,1.326572060585022,-30.476076126098633,74.87619018554688,-64.78678131103516,143.35739135742188
1.038209080696106,0.29001638293266296,-29.5285587310791,196.78756713867188,-144.16294860839844,11.258931159973145
2.9301159381866455,-1.526246190071106,-30.973342895507812,82.17786407470703,-172.61500549316406,-254.49501037597656
2.95121693611145,-2.792084217071533,-32.6908073425293,-43.78511428833008,-83.17080688476562,-86.92939758300781
2.3130147457122803,-3.215503215789795,-32.82343673706055,-77.00836181640625,1.2740894556045532,60.26658630371094
1.5234555006027222,-2.6182096004486084,-31.395099639892578,-65.90231323242188,133.86228942871094,222.0265655517578
1.5550929307937622,-0.6046546101570129,-29.852994918823242,67.93887329101562,218.4888916015625,25.576995849609375
2.56722354888916,1.0423836708068848,-30.740882873535156,122.11546325683594,86.37330627441406,-181.90786743164062
3.8010952472686768,0.8895815014839172,-32.678958892822266,106.95453643798828,-102.3970947265625,-149.83096313476562
4.457208633422852,-0.5367975831031799,-33.38547897338867,16.65254020690918,-161.51792907714844,9.314523696899414
4.008882522583008,-1.9931704998016357,-32.53093719482422,-113.53734588623047,-103.8822250366211,153.7132568359375
2.346216917037964,-2.1045169830322266,-31.095666885375977,-230.03408813476562,94.84696960449219,100.42243194580078
0.4080999493598938,-0.6262292861938477,-31.41694450378418,-125.98153686523438,144.6395721435547,-144.63919067382812
-0.15122029185295105,0.22229868173599243,-33.11125564575195,5.818443298339844,24.297224044799805,-145.07884216308594
0.4259861409664154,0.03842661529779434,-33.95766067504883,107.06629943847656,-55.13096237182617,-16.218521118164062
2.0643134117126465,-0.8366143107414246,-33.19322204589844,233.06863403320312,-120.37935638427734,194.8260040283203
4.549458026885986,-2.2011239528656006,-31.86271858215332,174.70645141601562,-115.55975341796875,4.138329029083252
5.524275302886963,-3.1347718238830566,-32.49900817871094,19.88833236694336,-68.11062622070312,-113.16436767578125
4.929293632507324,-3.5087833404541016,-33.7945442199707,-138.22569274902344,0.41695764660835266,-118.85385131835938
2.9698684215545654,-2.9172704219818115,-34.334774017333984,-215.65501403808594,129.34768676757812,36.626338958740234
1.8119821548461914,-1.0102465152740479,-33.213958740234375,20.89518165588379,209.38282775878906,127.26790618896484
2.982177734375,0.6412162780761719,-32.59651565551758,181.78219604492188,106.30254364013672,-12.712955474853516
5.018178939819336,0.9774294495582581,-33.4713134765625,200.0150146484375,-43.921512603759766,-155.49368286132812
6.433003902435303,-0.031162211671471596,-35.0711784362793,67.22420501708984,-133.55532836914062,-115.33363342285156
6.4411234855651855,-1.2833466529846191,-35.53837585449219,-64.1556625366211,-129.24374389648438,17.123872756958008
5.036221504211426,-2.0985660552978516,-34.48024368286133,-216.30784606933594,14.84890079498291,195.53489685058594
3.202651023864746,-0.7533913254737854,-33.18083953857422,-108.69425964355469,153.29164123535156,23.557458877563477
2.7576911449432373,0.30275118350982666,-33.59023666381836,14.495250701904297,49.83889389038086,-89.22473907470703
3.458751678466797,0.14377731084823608,-34.62153244018555,126.22996520996094,-84.71873474121094,-86.29132080078125
5.428365230560303,-1.2406383752822876,-34.64289474487305,278.97686767578125,-160.47622680664062,131.94705200195312
7.831099510192871,-1.8007711172103882,-32.9218864440918,155.28073120117188,-3.121426820755005,89.67596435546875
8.649444580078125,-1.7632501125335693,-32.80503463745117,7.061882972717285,7.941708564758301,-56.220699310302734
7.809216022491455,-1.6501418352127075,-33.93849182128906,-195.06004333496094,17.018966674804688,-156.3256072998047
5.080592632293701,-1.053521752357483,-34.42742156982422,-212.39004516601562,99.40263366699219,92.871826171875
4.162015914916992,-0.13512130081653595,-33.2830810546875,11.460773468017578,73.29499816894531,101.85487365722656
5.073204517364502,0.29214969277381897,-32.69547653198242,163.53839111328125,4.176166534423828,3.6947550773620605
7.2817702293396,-0.3398846685886383,-33.58422088623047,229.67263793945312,-152.2860107421875,-200.3083953857422
8.255037307739258,-1.8934931755065918,-35.13622283935547,8.727254867553711,-148.7259979248047,-101.86477661132812
7.737247467041016,-2.9439218044281006,-35.4500617980957,-100.41879272460938,-53.93603515625,36.01051330566406
6.3849992752075195,-2.7607593536376953,-34.40506362915039,-158.65419006347656,112.6758804321289,172.5052947998047
5.259965419769287,-0.5648963451385498,-32.923336029052734,-30.529630661010742,235.9074249267578,49.523014068603516
5.500251293182373,1.0630781650543213,-33.187232971191406,64.203857421875,80.46489715576172,-81.91973876953125
6.364346027374268,0.9268789291381836,-34.27128601074219,98.72211456298828,-116.67378997802734,-113.831298828125
7.155458927154541,-1.4337624311447144,-34.72429275512695,24.05034828186035,-317.052978515625,89.90254211425781
6.992737770080566,-3.4154884815216064,-33.29568099975586,-24.794864654541016,-80.7031478881836,116.24209594726562
6.799940586090088,-3.4345703125,-32.72095489501953,-11.947275161743164,69.17799377441406,-6.7066240310668945
6.776796340942383,-2.0162012577056885,-33.655399322509766,6.015407562255859,224.13360595703125,-206.71067810058594
6.173740386962891,0.37444552779197693,-35.55937194824219,-89.6207504272461,165.58030700683594,-62.10441589355469
5.462272644042969,1.3699029684066772,-35.25448226928711,-38.04419708251953,34.684906005859375,106.88626098632812
5.684727191925049,1.0402432680130005,-33.94318389892578,84.65397644042969,-104.50927734375,110.7476577758789
6.800079822540283,-0.5551723837852478,-33.68824768066406,134.86070251464844,-240.4860382080078,-89.44159698486328
7.020689964294434,-2.698296308517456,-35.70352554321289,-85.22747802734375,-127.45162963867188,-178.0156707763672
5.943003177642822,-3.2923402786254883,-36.569297790527344,-111.60493469238281,0.9063961505889893,-0.5863562822341919
5.024495601654053,-2.7258334159851074,-35.75311279296875,-54.55791091918945,113.65528106689453,163.48355102539062
5.352989673614502,-1.1599212884902954,-33.90642166137695,128.76499938964844,167.31732177734375,122.28881072998047
7.110512733459473,0.07381197065114975,-33.9312629699707,189.44639587402344,57.71697235107422,-122.59122467041016
8.569978713989258,-0.30940937995910645,-35.876129150390625,76.78104400634766,-129.365966796875,-200.1199188232422
8.648458480834961,-1.8618314266204834,-37.03628158569336,-50.73064422607422,-149.12393188476562,-25.36211585998535
7.713875770568848,-2.8971357345581055,-36.43981170654297,-127.93592834472656,-35.3894157409668,140.9432830810547
6.350983619689941,-1.9851621389389038,-34.70657730102539,-112.75344848632812,225.84786987304688,121.05532836914062
5.783049583435059,0.4064886271953583,-34.98831558227539,-11.694999694824219,185.26405334472656,-150.63446044921875
5.838665008544922,1.2469505071640015,-36.74114227294922,16.21676254272461,-11.976959228515625,-147.48312377929688
6.1322808265686035,0.4188501834869385,-37.47328567504883,45.349876403808594,-142.21524047851562,14.657084465026855
6.812757968902588,-1.2871688604354858,-36.23060607910156,126.5521011352539,-223.3112335205078,309.4820251464844
7.8682708740234375,-2.5730092525482178,-34.25615692138672,64.02349853515625,-79.10523986816406,68.99040985107422
8.141355514526367,-3.013856887817383,-34.41720199584961,-11.690828323364258,-5.877685546875,-95.08552551269531
7.4748430252075195,-2.4852778911590576,-36.1553955078125,-135.492431640625,140.04348754882812,-238.52919006347656
6.236326217651367,-0.21848857402801514,-37.33967971801758,-50.06602096557617,223.499267578125,25.567089080810547
6.474026203155518,1.2844499349594116,-36.45335006713867,86.50482940673828,65.53678131103516,119.62062072753906
7.741570949554443,1.0142911672592163,-35.44815444946289,150.96096801757812,-120.29148864746094,56.13026428222656
9.018757820129395,-0.9764025211334229,-35.79835510253906,60.099552154541016,-239.5403289794922,-138.26927185058594
8.515161514282227,-2.7278971672058105,-37.4157600402832,-134.59478759765625,-86.37762451171875,-126.7202377319336
6.879641056060791,-2.7510063648223877,-37.93522644042969,-168.31356811523438,77.54349517822266,30.869586944580078
5.641242027282715,-1.264973521232605,-36.6935920715332,-40.60288619995117,195.66868591308594,199.71070861816406
6.120467662811279,0.25249332189559937,-35.1500358581543,106.95928955078125,89.38032531738281,79.67068481445312
7.4231767654418945,0.5036118626594543,-35.12961196899414,139.2709197998047,-43.50695037841797,-76.75016784667969
8.46656322479248,-0.66912841796875,-36.56219482421875,48.84123229980469,-233.62046813964844,-229.65090942382812
7.906670570373535,-3.0135843753814697,-37.86652374267578,-87.58171081542969,-160.42178344726562,-15.838088035583496
7.218729019165039,-3.776923179626465,-37.392459869384766,-41.13582229614258,8.080550193786621,95.03780364990234
7.261283874511719,-2.755070924758911,-36.26121520996094,61.00923538208008,203.8773651123047,100.3595199584961
8.209900856018066,-0.02975914441049099,-36.7148323059082,48.37944030761719,222.92787170410156,-203.22132873535156
8.032254219055176,1.14070725440979,-38.239192962646484,-57.03299331665039,34.6347770690918,-75.4311752319336
7.410369396209717,0.8661634922027588,-38.156341552734375,-51.217750549316406,-89.23217010498047,94.1484603881836
7.523031711578369,-0.9021660089492798,-36.437984466552734,122.06331634521484,-285.122314453125,174.51719665527344
8.725301742553711,-3.287372589111328,-36.483543395996094,58.786930084228516,-147.42343139648438,-101.34759521484375
8.723237037658691,-3.891653299331665,-37.555809020996094,-50.97974395751953,23.527259826660156,-90.40489959716797
7.825965881347656,-2.812171220779419,-37.97980880737305,-120.12533569335938,196.18690490722656,27.39131736755371
7.135138988494873,-0.27429962158203125,-36.46604919433594,50.486019134521484,202.08583068847656,198.04031372070312
8.072443008422852,0.7975037097930908,-35.32361602783203,110.43445587158203,28.35172462463379,35.18307113647461
9.023638725280762,0.5062662363052368,-35.60162353515625,88.44237518310547,-92.23876953125,-97.4202651977539
